{
"HOSPITAL GENERAL XOCO": [-99.162536, 19.360101, "boardings", 602, "rank", 1, "departures", 363, "rank", 1], 
"HOSPITAL DE LA MUJER": [-99.170939, 19.451878, "boardings", 8539, "rank", 1, "departures", 85, "rank", 1], 
"HOSPITAL GENERAL TICOMAN": [-99.300676, 19.348269000000002, "boardings", 4162, "rank", 1, "departures", 180, "rank", 1], 
"HOSPITAL GENERAL DR. RUBEN LENERO": [-99.169196, 19.451665, "boardings", 12, "rank", 1, "departures", 259, "rank", 1], 
"HOSPITAL GENERAL TORRE MEDICA TEPEPAN": [-99.174367, 19.266357, "boardings", 1, "rank", 1, "departures", 8, "rank", 1], 
"HOSPITAL GENERAL VILLA": [-99.103392, 19.479876, "boardings", 1010, "rank", 1, "departures", 332, "rank", 1], 
"INSTITUTO NACIONAL DE PERINATOLOGIA ISIDRO ESPINOSA DE LOS REYES": [-99.205844, 19.422941, "boardings", 5484, "rank", 1, "departures", 79, "rank", 1], 
"HOSPITAL GENERAL DR. GREGORIO SALAS FLORES": [-99.129391, 19.437720000000002, "boardings", 1392, "rank", 1, "departures", 173, "rank", 1], 
"HOSPITAL MATERNO INFANTIL CUAJIMALPA": [-99.300676, 19.348269, "boardings", 2651, "rank", 1, "departures", 10, "rank", 1], 
"HOSPITAL MATERNO INFANTIL INGUARAN": [-99.1130344, 19.451939199999998, "boardings", 6220, "rank", 1, "departures", 34, "rank", 1], 
"HOSPITAL GENERAL BALBUENA": [-99.1151513, 19.424557699999998, "boardings", 931, "rank", 1, "departures", 572, "rank", 1], 
"HOSPITAL GENERAL DE MEXICO": [-99.150805, 19.414523000000003, "boardings", 5064, "rank", 1, "departures", 1887, "rank", 1], 
"HOSPITAL DE ESPECIALIDADES DR. BELISARIO DOMINGUEZ": [-99.113023, 19.298560000000002, "boardings", 4182, "rank", 1, "departures", 381, "rank", 1], 
"HOSPITAL GENERAL TLAHUAC": [-99.05279, 19.287366, "boardings", 3623, "rank", 1, "departures", 63, "rank", 1], 
"HOSPITAL GENERAL REGIONAL IZTAPALAPA": [-99.0502567, 19.3427323, "boardings", 5027, "rank", 1, "departures", 231, "rank", 1],
 "HOSPITAL JUAREZ DE MEXICO": [-99.13696800000001, 19.482221, "boardings", 2320, "rank", 1, "departures", 864, "rank", 1], 
 "HOSPITAL MATERNO PEDIATRICO XOCHIMILCO": [-99.300676, 19.348269000000002, "boardings", 2748, "rank", 1, "departures", 25, "rank", 1], 
 "HOSPITAL MATERNO INFANTIL TLAHUAC": [-98.99720119999999, 19.2648883, "boardings", 1279, "rank", 1, "departures", 2, "rank", 1], 
 "HOSPITAL GENERAL DR. MANUEL GEA GONZALEZ": [-99.160656, 19.290051000000002, "boardings", 3211, "rank", 1, "departures", 326, "rank", 1], 
 "HOSPITAL GENERAL AJUSCO MEDIO": [-99.20784520000001, 19.272077, "boardings", 3735, "rank", 1, "departures", 76, "rank", 1], 
 "HOSPITAL GENERAL MILPA ALTA": [-99.011215, 19.200165, "boardings", 2331, "rank", 1, "departures", 60, "rank", 1], 
 "CLINICA HOSPITAL EMILIANO ZAPATA": [-98.978401, 19.339163, "boardings", 1877, "rank", 1, "departures", 3, "rank", 1], 
 "HOSPITAL GENERAL DR. ENRIQUE CABRERA": [-99.224294, 19.361524, "boardings", 4563, "rank", 1, "departures", 289, "rank", 1], 
 "HOSPITAL PEDIATRICO PERALVILLO": [-99.141261, 19.459726, "boardings", 1, "rank", 1, "departures", 41, "rank", 1]}
